id,winner
7565,1
7566,1
7579,0
7580,0
7582,1
7583,1
7581,1
7578,0
8242,1
2708,0
3780,1
5594,0
2,0
3,1
4,0
5,1
22,0
23,1
32,0
9644,1
39,1
40,0
41,0
42,0
43,1
44,0
52,1
53,0
54,1
55,0
57,0
63,1
64,0
65,0
66,0
67,1
68,1
72,1
73,0
74,1
75,0
78,0
79,0
87,1
88,0
89,1
90,1
94,1
95,0
101,1
103,0
105,0
106,1
107,1
108,0
109,1
110,0
111,0
112,0
113,1
114,1
120,0
129,1
130,0
131,1
132,0
133,1
134,0
135,0
136,0
137,1
148,1
149,0
150,1
152,1
154,0
155,0
163,0
167,1
168,0
170,0
177,0
181,1
184,1
185,1
187,1
188,0
189,1
196,1
197,0
202,0
203,0
204,0
205,0
221,1
227,1
230,1
231,0
239,0
240,0
241,1
242,1
243,1
244,1
245,0
246,0
247,0
248,1
249,1
251,1
252,1
253,1
254,0
259,1
260,0
261,0
262,1
263,1
265,1
268,1
269,1
270,1
271,1
272,1
273,1
276,1
277,0
278,0
279,0
280,1
281,0
282,1
284,0
285,1
290,1
291,0
292,0
296,1
297,1
298,1
299,0
300,1
302,1
303,1
304,1
305,0
306,1
307,1
308,1
316,1
321,1
322,0
323,1
341,1
342,0
343,0
344,0
345,1
347,0
348,0
386,1
387,1
388,0
389,0
390,0
391,1
392,0
431,0
432,1
433,1
434,1
438,1
440,0
441,0
442,0
444,0
446,0
589,1
590,0
591,1
592,0
593,0
594,0
595,1
596,1
597,1
598,1
599,0
600,0
601,0
602,1
603,0
604,0
605,0
606,1
607,1
608,1
609,0
610,1
611,1
612,1
613,0
614,0
615,0
616,1
617,1
618,1
619,0
620,0
621,1
622,1
623,1
624,0
625,0
626,0
627,0
628,1
629,1
630,1
639,0
640,1
641,0
642,1
643,0
644,1
648,1
650,0
651,0
652,0
653,1
654,1
655,0
656,1
657,0
658,1
659,0
660,0
661,1
662,1
663,1
664,0
665,0
666,1
667,0
668,1
669,0
670,1
671,1
672,0
673,0
674,1
675,1
676,1
677,0
678,0
679,0
680,0
681,1
682,1
683,1
684,0
685,1
686,1
687,0
688,0
689,1
690,0
691,1
692,1
693,0
694,0
695,1
696,0
697,1
699,1
700,0
701,0
702,1
703,1
704,1
705,0
706,0
707,0
708,1
709,0
710,1
711,0
712,0
713,0
714,1
716,1
717,0
718,1
719,0
720,1
721,1
723,1
724,0
725,1
726,0
727,1
728,1
729,1
730,0
735,0
736,0
737,0
738,1
739,0
740,0
741,1
742,0
749,1
750,0
751,0
752,1
753,0
754,1
756,0
757,1
761,0
762,1
763,1
764,1
765,1
766,0
767,1
768,0
769,1
770,0
771,1
772,0
773,0
774,1
775,1
776,1
777,0
778,1
779,1
780,0
781,0
782,0
790,0
791,1
792,0
793,1
794,1
795,1
796,1
797,0
798,0
799,1
800,1
801,0
802,1
803,0
816,1
817,0
818,0
819,1
820,1
821,1
822,1
823,1
827,1
828,0
829,1
830,1
831,0
832,1
833,0
834,1
839,0
840,1
841,1
842,1
843,1
844,1
850,1
851,0
852,1
853,0
854,0
855,1
856,0
857,1
858,0
859,1
860,1
861,1
862,1
863,0
864,0
865,1
866,1
867,0
868,1
869,1
870,0
871,1
872,0
873,1
874,1
875,0
876,1
877,0
878,0
879,1
880,0
881,1
882,0
883,1
884,0
885,1
886,1
887,1
888,1
889,0
890,1
891,0
892,1
893,0
894,1
895,0
896,0
897,1
898,0
899,1
900,0
901,1
902,0
903,1
904,1
905,0
906,0
907,1
908,1
909,0
910,0
8241,1
912,0
913,1
914,0
915,1
916,1
917,0
918,1
919,0
920,0
921,1
922,0
923,1
924,0
925,1
926,0
927,1
928,1
929,0
930,1
931,0
932,1
933,0
934,1
935,0
936,1
937,0
938,1
939,0
940,1
941,0
942,1
943,0
944,0
945,1
946,1
947,0
948,0
949,1
950,0
951,1
952,0
953,1
954,0
955,0
956,1
957,0
958,0
959,1
960,1
963,1
965,1
966,0
967,1
968,1
969,0
970,1
971,0
972,1
973,1
974,1
975,0
976,0
977,0
978,1
979,0
980,0
981,1
982,0
983,1
984,1
985,1
986,0
987,1
988,1
989,1
990,1
991,1
992,1
993,1
994,0
995,0
996,1
997,1
998,1
999,1
1000,0
1001,0
1002,1
1003,1
1004,1
1005,0
1006,1
1007,0
1008,1
1009,0
1010,1
1011,0
1012,0
1013,1
1014,1
1015,0
1018,1
1023,1
1024,0
1025,1
1026,1
1027,0
1032,0
1034,0
1036,0
1037,1
1039,0
1042,1
1045,0
1046,1
1048,0
1051,0
1052,1
1053,0
1055,0
1057,1
1059,1
1060,0
1061,1
1063,1
1065,1
1068,1
1069,1
1073,0
1080,0
1081,0
1082,0
1084,0
1087,0
1089,1
1091,1
1099,1
1100,1
1101,1
1102,1
1103,0
1104,0
1105,1
1106,0
1109,0
1110,0
1111,0
1112,0
1113,1
1115,1
1116,0
1117,1
1118,0
1119,1
1120,1
1121,0
1122,0
1123,0
1124,1
1125,1
1126,1
1127,0
1128,0
1129,1
1130,1
1131,1
1132,0
1133,1
1134,1
1135,0
1136,0
1137,0
1138,1
1139,1
1140,1
1141,1
1142,0
1143,0
1144,0
1145,0
1146,1
1147,1
1148,1
1149,0
1150,0
1151,0
1152,0
1153,0
1154,1
1155,1
1156,1
1157,1
1158,0
1159,0
1160,0
1161,1
1162,1
1163,1
1164,1
1165,0
1166,0
1167,0
1168,1
1169,1
1170,1
1171,1
1172,0
1173,0
1174,0
1175,1
1176,0
1177,1
1178,0
1179,1
1180,0
1181,0
1182,1
1183,0
1184,1
1185,1
1186,0
1187,1
1188,0
1189,1
1190,0
1191,0
1192,1
1193,1
1198,0
1199,1
1201,1
1203,0
1206,1
1207,0
1208,0
1209,0
1210,0
1211,1
1212,1
1213,1
1214,1
1215,0
1216,1
1217,0
1219,1
1221,1
1228,1
1229,0
1230,0
1231,1
1232,0
1233,1
1234,0
1235,0
1237,1
1238,0
1239,1
1240,0
1242,0
1243,0
1244,1
1245,0
1246,1
1247,0
1248,0
1250,0
1252,0
1253,1
1254,1
1255,1
1256,0
1261,1
1262,0
1263,0
1264,0
1265,1
1266,0
1267,0
1269,1
1270,1
1271,1
1272,0
1279,0
1284,1
1285,0
1286,0
1287,1
1288,1
1289,0
1292,0
1293,0
1294,1
1300,0
1301,0
1302,0
1303,1
1304,1
1305,0
1309,0
1310,1
1312,1
1313,1
1314,1
1315,0
1316,0
1318,1
1319,0
1320,0
1321,1
1322,0
1323,0
1324,0
1325,0
1326,1
1327,0
1328,1
1368,1
1369,0
1370,1
1371,0
1372,0
1373,0
1374,1
1375,1
1376,1
1377,0
1379,1
1380,1
1381,1
1382,0
1383,1
1384,0
1385,1
1386,0
1387,1
1388,1
1389,0
1390,1
1391,0
1392,0
1393,1
1394,1
1395,0
1396,0
1397,1
1398,0
1399,1
1400,0
1401,1
1402,1
1403,0
1404,1
1405,0
1406,0
1407,1
1408,0
1409,1
1410,1
1411,0
1412,0
1413,1
1414,1
1415,0
1416,1
1417,0
1418,1
1419,1
1420,0
1421,0
1422,0
1423,1
1424,0
1425,0
1426,1
1427,1
1428,1
1429,0
1430,1
1431,0
1432,0
1433,0
1434,1
1435,1
1436,0
1437,0
1438,1
1439,1
1440,1
1441,1
1442,1
1443,1
1444,1
1445,0
1446,0
1447,0
1448,1
1449,1
1450,0
1451,0
1452,0
1453,1
1454,0
1455,0
1456,1
1457,1
1458,1
1459,0
1460,1
1461,1
1462,0
1463,0
1464,1
1465,0
1466,0
1467,1
1468,1
1469,1
1470,1
1471,1
1472,1
1473,1
1474,0
1475,0
1476,0
1478,0
1479,0
1480,1
1481,1
1482,1
1483,1
1484,1
1485,0
1486,1
1487,0
1488,1
1489,1
1490,0
1491,1
1492,0
1493,0
1494,1
1495,1
1496,0
1497,0
1498,0
1499,1
1500,1
1501,1
1502,1
1503,1
1504,0
1505,0
1506,0
1507,0
1508,0
1509,1
1510,1
1511,1
1512,0
1513,1
1514,0
1515,0
1516,0
1517,1
1518,1
1519,1
1521,1
1522,0
1523,1
1524,0
1525,0
1526,0
1527,1
1528,0
1529,0
1530,0
1531,0
1532,1
1533,0
1534,1
1535,1
1536,1
1537,0
1538,1
1539,1
1540,0
1541,0
1542,0
1544,0
1545,1
1546,0
1547,1
1548,1
1550,1
1551,1
1552,0
1553,0
1554,0
1555,0
1556,0
1557,1
1558,1
1559,1
1560,1
1561,0
1562,1
1563,0
1564,0
1565,0
1566,1
1567,0
1568,1
1569,1
1570,1
1571,1
1572,1
1573,0
1574,1
1575,0
1576,1
1577,0
1578,1
1579,0
1580,1
1581,0
1582,1
1583,0
1584,1
1585,0
1586,1
1587,1
1588,0
1589,1
1590,0
1591,1
1592,0
1593,0
1594,1
1595,0
1596,1
1597,1
1598,0
1599,0
1600,1
1601,1
1602,0
1603,1
1604,0
1605,0
1606,1
1607,1
1608,1
1609,1
1610,1
1611,0
1612,0
1613,0
1614,0
1615,0
1616,1
1617,0
1618,0
1619,0
1620,1
1621,0
1622,1
1623,0
1624,0
1633,1
1639,1
1640,0
1643,1
1644,0
1645,1
1646,1
1647,0
1648,1
1649,1
1650,1
1651,0
1652,1
1653,0
1654,1
1655,1
1656,0
1657,1
1658,0
1659,0
1661,0
1662,1
1663,1
1664,1
1665,0
1666,1
1667,1
1668,0
1669,0
1670,1
1671,1
1672,0
1673,1
1674,0
1675,0
1676,1
1677,1
1678,1
1679,0
1680,1
1681,1
1682,0
1683,1
1684,0
1685,1
1686,0
1687,1
1688,1
1689,0
1690,1
1691,0
1692,0
1693,1
1694,0
1695,0
1696,1
1697,1
1698,0
1699,0
1700,1
1701,0
1702,1
1703,1
1704,0
1705,1
1706,1
1707,1
1708,0
1709,1
1710,0
1711,1
1712,0
1713,1
1714,0
1715,1
1716,1
1717,1
1718,0
1719,0
1720,1
1724,0
1730,1
1731,0
1732,0
1733,1
1734,0
1735,1
1736,0
1737,1
1738,1
1739,1
1740,0
1741,1
1742,0
1743,0
1744,1
1745,1
1746,0
1747,0
1748,0
1749,0
1750,0
1751,1
1752,1
1753,0
1754,1
1755,1
1756,0
1757,1
1758,0
1759,1
1760,0
1761,1
1762,0
1763,1
1764,0
1765,1
1766,0
1767,1
1768,0
1769,0
1770,1
1771,1
1772,0
1773,1
1774,1
1775,0
1781,0
1782,1
1783,0
1784,0
1785,0
1786,0
1787,1
1788,1
1789,0
1790,1
1791,1
1792,0
1793,0
1794,1
1795,0
1796,0
1797,0
1798,0
1799,0
1800,1
1801,1
1802,1
1803,1
1804,1
1805,0
1806,1
1807,0
1808,0
1809,0
1810,0
1811,0
1812,1
1816,1
1817,1
1818,1
1819,0
1820,1
1821,1
1823,0
1824,0
1825,1
1827,1
1828,0
1829,0
1831,0
1832,1
1833,0
1835,0
1836,1
1837,1
1846,1
1847,1
1848,0
1850,1
1851,1
1852,0
1853,1
1854,1
1855,0
1856,1
1857,1
1858,0
1859,1
1860,0
1861,0
1862,0
1863,1
1864,0
1865,0
1866,0
1867,0
1869,1
1870,1
1871,1
1872,0
1873,0
1874,0
1875,0
1876,0
1879,1
1887,1
1889,0
1890,1
1891,0
1892,1
1893,1
1894,0
1895,0
1896,1
1897,1
1898,1
1899,0
1900,0
1901,0
1902,0
1903,1
1904,0
1905,0
1906,1
1907,0
1908,1
1909,0
1910,0
1911,1
1912,0
1913,0
1914,1
1915,1
1916,1
1917,0
1918,0
1919,1
1920,1
1921,1
1922,0
1923,0
1924,0
1925,1
1926,0
1927,0
1928,1
1929,1
1930,0
1931,1
1932,0
1933,1
1934,0
1935,1
1936,0
1937,0
1938,1
1939,0
1940,1
1941,1
1942,0
9557,0
1944,0
1945,0
1946,0
1947,1
1948,1
1949,1
1950,0
1951,0
1952,1
1953,1
1954,1
1955,0
1956,0
1957,1
1958,0
1959,0
1960,1
1961,0
1962,0
1963,0
1964,1
1965,0
1966,1
1967,0
1968,1
1969,1
1970,0
1971,0
1972,1
1973,1
1974,0
1975,1
1976,0
1977,1
1978,0
1979,1
1980,0
1981,1
1982,0
1983,1
1984,0
1985,1
1986,0
1987,1
1988,0
1989,1
1990,0
1991,1
1992,0
1993,0
1994,1
1995,1
1996,1
1997,0
1998,1
1999,0
2000,0
2001,1
2002,1
2003,0
2004,1
2005,0
2006,0
2007,1
2008,1
2009,1
2010,0
2011,1
2012,0
2014,1
2015,0
2016,0
2017,1
2018,0
2019,0
2020,0
2021,0
2022,1
2023,0
2024,1
2025,1
2026,0
2027,0
2028,0
2029,0
2030,1
2031,1
2032,1
2033,0
2034,1
2035,1
2036,0
2042,0
2043,1
2045,0
2047,0
2048,1
2049,0
2050,1
2052,0
2053,0
2054,1
2055,1
2056,0
2057,0
2058,1
2059,1
2060,1
2061,0
2062,0
2063,1
2064,1
2065,0
2066,0
2067,0
2068,1
2069,1
2070,1
2071,1
2072,1
2073,1
2074,0
8244,0
2076,1
2077,1
2078,0
2081,1
2082,1
2084,1
2085,1
2086,1
2087,1
2088,0
2089,1
2090,0
2091,1
2092,1
2101,1
2102,1
2103,0
2104,1
2105,0
2106,1
2107,0
2108,1
2109,1
2110,0
2116,1
2117,0
2119,1
2120,1
2121,1
2122,1
2123,1
2124,1
2125,1
2129,1
2130,0
2131,1
2132,1
2133,0
2134,0
2135,1
2136,0
2137,1
2138,1
2139,0
2140,1
2141,1
2142,1
2143,0
2146,0
2147,0
2148,1
2149,1
2150,0
2151,1
2152,1
2153,1
2154,1
2160,1
2161,0
2162,1
2163,0
2164,1
2165,1
2166,1
2168,0
2169,1
2177,1
2178,0
2179,1
2180,1
2181,1
2182,0
2183,0
2184,0
2187,0
2188,0
2190,1
2191,0
2192,1
2193,0
2194,1
2195,0
2196,1
2197,0
2198,1
2200,0
2201,1
2202,0
2203,1
2204,1
2205,0
2207,1
2208,0
2209,1
2210,1
2211,1
2212,0
2213,0
2214,1
2215,0
2216,0
2217,1
2218,0
2219,0
2220,1
2221,0
2222,0
2223,1
2224,1
2225,1
2226,1
2227,0
2228,0
2229,0
2231,0
2232,0
2233,0
2235,0
2236,1
2237,0
2238,0
2239,1
2240,0
2241,1
2242,0
2243,1
2244,1
2245,0
2246,0
2247,0
2248,1
2249,1
2250,0
2251,1
2252,0
2253,1
2254,1
2255,1
2256,0
2257,1
2259,0
2260,1
2261,0
2262,1
2263,1
2264,0
2265,1
2269,0
2270,1
2271,0
2272,0
2273,1
2274,1
2275,0
2276,1
2277,0
2278,0
2279,1
2280,1
2281,1
2282,0
2283,1
2284,1
2285,0
2286,1
2287,0
2288,1
2290,0
2291,0
2292,1
2293,1
2294,0
2295,0
2296,1
2297,0
2298,0
2299,1
2300,0
2301,1
2302,0
2303,1
2304,0
2305,1
2306,1
2307,1
2308,0
2309,1
2310,0
2311,1
2312,0
2313,1
2314,0
2315,0
2316,1
2317,1
2318,0
2319,1
2320,0
2321,0
2322,0
2323,0
2324,1
2325,0
2326,1
2327,1
2328,1
2330,1
2331,1
2332,1
2333,0
2334,1
2335,0
2336,0
2337,0
2338,0
2340,1
2341,0
2342,0
2343,1
2344,1
2345,0
2346,1
2347,1
2365,1
2366,1
2367,1
2368,0
2369,0
2370,1
2371,1
2372,1
2373,1
2374,0
2375,0
2380,1
2381,0
2382,1
2383,1
2384,0
2385,1
2386,1
2387,0
2388,1
2390,0
2391,1
2392,1
2393,0
2394,0
2404,1
2405,1
2406,1
2407,1
2408,1
2409,1
2410,0
2411,1
2412,1
2413,1
2414,0
2415,1
2416,1
2417,0
2424,0
2425,1
2426,1
2427,0
2428,1
2429,1
2430,1
2431,0
2432,1
2433,1
2441,0
2442,1
2443,1
2444,0
2445,0
2446,0
2447,0
2455,0
2456,0
2457,1
2460,1
2461,1
2463,0
2464,1
2465,1
2466,0
2467,0
2468,0
2469,0
2470,1
2471,0
2472,0
2473,0
2474,1
2475,1
2476,0
2477,1
2478,1
2479,0
2480,1
2481,1
2482,0
2484,0
2485,1
2487,1
2488,1
2489,1
2490,1
2491,0
2492,1
2493,0
2495,0
2496,1
2497,1
2499,1
2501,1
2502,1
2504,1
2505,1
2506,1
2507,0
2508,0
2510,1
2511,1
2512,0
2513,0
2514,0
2515,0
2517,1
2518,0
2519,1
2520,1
2521,1
2522,1
2523,1
2525,1
2526,1
2528,1
2529,1
2531,1
2533,1
2534,1
2536,1
2538,1
2539,0
2541,1
2542,0
2543,1
2547,1
2548,1
2549,1
2554,0
2555,0
2556,0
2557,1
2558,1
2561,0
2562,1
2564,0
2568,1
2581,0
2583,1
2587,0
2592,1
2594,0
2596,0
2607,1
2608,1
2610,0
2612,1
2613,0
2615,1
2616,1
2617,1
2618,0
2619,0
2620,0
2621,1
2622,0
2623,1
2624,0
2639,1
2641,1
2642,1
2643,1
2653,1
2665,1
2670,0
2672,1
2674,1
2675,1
2680,1
2682,1
2683,0
2684,0
2685,0
2686,0
2687,1
2688,1
2689,1
2690,1
2693,0
2694,1
2695,1
2700,1
2701,1
2703,1
2704,0
2705,1
2706,0
2707,0
2709,1
2719,1
2720,0
2722,1
2723,0
2724,0
2725,1
2726,1
2727,0
2729,1
2731,0
2732,0
2733,0
2734,1
2735,1
2736,0
2737,1
2738,1
2739,1
2740,1
2741,0
2742,0
2743,0
2744,0
2745,0
2746,0
2747,0
2748,1
2749,1
2750,1
2754,1
2755,0
2756,1
2757,1
2768,0
2769,0
2770,1
2771,1
2772,1
2773,0
2774,1
2775,0
2776,0
2777,1
2778,1
2779,1
2780,0
2781,0
2782,0
2783,1
2784,1
2785,0
2786,1
2787,0
2788,0
2791,1
2796,1
2798,1
2799,1
2800,1
2801,0
2802,1
2803,1
2805,0
2806,0
2807,0
2813,1
2814,0
2815,1
2816,1
2817,1
2818,0
2819,0
2820,0
2821,0
2823,0
2824,1
2825,1
2828,1
2836,1
2838,1
2839,0
2840,1
2841,1
2842,1
2843,1
2854,1
2855,0
2856,1
2857,1
2858,0
2859,1
2860,0
2861,1
2864,0
2866,1
2868,0
2869,1
2870,1
2871,0
2872,0
2873,0
2874,1
2875,0
2876,1
2877,0
2878,1
2879,1
2880,0
2881,1
2883,0
2884,1
2885,1
2886,1
2887,0
2889,1
2890,1
2891,1
2892,0
2893,0
2894,0
2895,1
2897,0
2898,1
2900,1
2901,1
2903,1
2906,1
2907,1
2908,1
2909,0
2910,1
2911,1
2912,0
2913,1
2914,1
2915,1
2916,0
2917,1
2918,0
2919,1
2920,0
2922,1
2923,0
2924,1
2930,0
2931,1
2932,0
2933,0
2934,1
2935,0
2936,1
2937,0
2938,0
2939,0
2941,0
2944,1
2945,1
2946,1
2947,0
2948,1
2949,1
2950,1
2951,0
2952,0
2953,1
2954,0
2955,1
2957,0
2959,0
2960,0
2962,1
2963,1
2966,1
2967,1
2968,1
2969,0
2970,1
2971,0
2972,1
2973,1
2974,0
2975,1
2976,0
2977,1
2980,0
2986,1
2990,0
2991,1
2992,1
2993,0
2994,0
2995,0
2996,0
2997,0
2999,1
3000,1
3001,0
3002,1
3005,1
3009,0
3010,0
3011,1
3012,0
3021,0
3022,1
3023,1
3024,0
3025,0
3026,1
3027,0
3028,1
3029,1
3039,0
3040,1
3041,1
3042,0
3043,1
3044,0
3045,1
3046,1
3047,1
3048,1
3049,0
3050,1
3051,0
3056,0
3059,1
3060,1
3061,0
3062,0
3064,1
3065,0
3066,1
3067,0
3069,0
3070,1
3071,0
3072,0
3073,0
3075,1
3080,1
3084,1
3091,0
3092,0
3095,1
3096,1
3097,0
3098,0
3100,1
3102,1
3104,0
3105,1
3106,0
3107,0
3108,0
3109,1
3110,0
3111,1
3112,1
3113,0
3114,1
3115,1
3116,1
3117,0
3118,1
3119,1
3120,0
3121,0
3122,0
3123,1
3124,0
3125,1
3126,0
3127,0
3128,1
3129,0
3130,1
3131,1
3132,0
3133,1
3134,1
3135,0
3136,1
3137,0
3138,1
3139,0
3140,0
3141,0
3142,1
3143,1
3144,1
3145,0
3146,0
3147,1
3148,1
3149,1
3150,1
3151,0
3152,0
3153,0
3154,1
3155,0
3156,1
3157,0
3158,1
3159,1
3160,0
3161,1
3162,1
3163,1
3164,0
3165,0
3166,1
3167,1
3168,0
3169,1
3170,1
3171,1
3172,1
3173,1
3174,0
3175,0
3176,0
3177,1
3178,0
3179,0
3180,1
3181,1
3182,0
3183,1
3184,0
3185,0
3186,1
3187,1
3188,0
3189,0
3190,0
3191,1
3192,1
3193,1
3194,1
3195,0
3196,1
3197,1
3198,1
3199,1
3200,0
3201,0
3202,1
3203,1
3204,1
3205,0
3206,0
3207,0
3208,1
3209,1
3210,0
3211,0
3212,0
3213,1
3214,1
3215,0
3216,1
3217,1
3218,0
3219,1
3220,0
3221,0
3222,1
3223,0
3224,0
3225,1
3226,0
3227,1
3228,1
3229,0
3230,0
3231,1
3232,0
3233,1
3234,1
3235,0
3236,1
3237,0
3238,1
3239,0
3240,0
3241,1
3242,0
3243,1
3244,0
3245,1
3246,1
3247,0
3248,1
3249,0
3250,1
3251,0
3252,0
3253,0
3255,1
3256,0
3257,1
3258,0
3259,1
3260,0
3261,0
3262,1
3263,0
3264,0
3265,1
3266,0
3267,1
3268,0
3269,0
3270,1
3271,1
3273,1
3274,1
3275,0
3280,1
3283,0
3284,1
3285,0
3286,1
3287,0
3288,0
3289,0
3290,0
3291,0
3292,1
3293,1
3294,0
3295,1
3296,1
3297,1
3300,1
3305,1
3306,0
3310,1
3311,0
3313,0
3317,1
3322,1
3323,1
3324,0
3325,0
3326,1
3327,1
3328,0
3331,1
3332,0
3333,1
3334,1
3335,1
3336,0
3339,1
3342,1
3343,0
3344,1
3345,1
3346,0
3347,0
3348,1
3349,0
3350,1
3361,1
3362,0
3363,0
3364,1
3365,1
3366,1
3367,0
3368,0
3369,0
3376,0
3378,0
3379,1
3381,0
3382,1
3383,0
3384,1
3385,1
3386,0
3387,1
3388,0
3389,0
3390,0
3391,0
3392,0
3393,0
3394,1
3395,0
3403,1
3405,0
3408,1
3409,0
3414,1
3415,1
3416,0
3417,1
3418,1
3419,0
3420,0
3432,1
3433,0
3434,0
3435,1
3436,1
3437,1
3438,0
3439,1
3440,1
3441,0
3443,0
3452,0
3453,0
3454,0
3456,1
3457,1
3458,0
3459,1
3460,0
3461,0
3462,1
3463,0
3464,1
3465,0
3468,1
3472,1
3473,0
3474,1
3475,1
3477,1
3478,1
3479,1
3480,0
3481,0
3491,1
3493,1
3494,1
3495,0
3496,1
3497,1
3498,0
3499,0
3500,0
3501,1
3502,0
3503,0
3504,1
3505,0
3506,1
3507,1
3509,1
3510,0
3511,0
3512,0
3513,0
3514,1
3515,0
3516,1
3517,1
3518,1
3519,0
3520,1
3521,0
3522,1
3523,1
3524,1
3525,0
3526,1
3527,0
3528,0
3529,0
3530,1
3531,0
3532,1
3533,0
3534,1
3535,1
3536,1
3540,0
3541,1
3542,0
3543,0
3544,1
3545,0
3546,1
3547,0
3548,1
3549,1
3550,1
3551,0
3552,1
3553,1
3554,0
3555,1
3556,1
3557,1
3558,1
3559,0
3560,0
3561,1
3562,1
3564,0
3565,0
3566,1
3567,1
3568,0
3569,1
3570,0
3571,0
3572,1
3573,1
3574,1
3575,0
3576,0
3577,1
3578,1
3579,0
3580,1
3581,1
3582,0
3583,1
3584,1
3585,0
3586,0
3587,1
3588,0
3589,0
3590,1
3591,1
3592,1
3593,1
3594,0
3600,1
3603,1
3604,0
3605,0
3606,0
3608,1
3609,0
3610,1
3611,1
3612,0
3613,1
3614,0
3615,0
3616,0
3619,0
3620,1
3625,0
3627,0
3628,0
3629,0
3630,1
3631,0
3632,1
3633,1
3634,0
3635,0
3636,0
3637,1
3641,0
3642,1
3644,0
3645,1
3647,1
3648,1
3649,0
3650,1
3651,1
3652,0
3653,1
3654,0
3664,1
3665,0
3666,0
3667,1
3668,0
3669,1
3670,1
3671,0
3672,0
3673,1
3686,0
3687,0
3688,1
3689,1
3690,1
3691,1
3692,0
3693,0
3694,0
3695,1
3696,1
3697,0
3698,0
3704,1
3705,1
3706,1
3707,1
3708,1
3709,0
3710,1
3711,0
3712,1
3713,1
3714,1
3715,1
3716,0
3722,0
3724,1
3736,1
3737,1
3738,0
3740,0
3741,1
3742,0
3743,1
3744,1
3745,1
3746,1
3747,0
3748,1
3749,1
3765,1
3770,0
3775,0
3776,1
3777,1
3779,0
3781,0
3782,0
3783,1
3784,0
3785,0
3786,0
3787,1
3788,1
3789,0
3792,0
3793,0
3795,0
3797,0
3804,1
3805,1
3806,1
3809,0
3811,1
3812,0
3831,1
3832,0
3833,0
3834,1
3835,1
3836,0
3837,1
3838,0
3839,0
3840,1
3841,0
3842,1
3843,1
3844,1
3845,1
3846,0
3849,0
3850,1
3851,0
3852,1
3853,0
3854,0
3855,1
3856,1
3857,1
3858,1
3859,1
3860,0
3861,1
3862,0
3863,1
3864,1
3865,0
3866,0
3867,1
3868,0
3869,1
3870,0
3871,0
3872,1
3873,0
3874,1
3875,0
3876,1
3877,1
3878,1
3879,0
3880,1
3881,0
3882,1
3883,1
3884,1
3885,0
3886,0
3887,1
3888,1
3889,0
3890,0
3891,1
3892,1
3893,1
3894,0
3895,1
3896,1
3897,0
3898,1
3899,0
3900,1
3901,1
3902,0
3903,1
3904,0
3905,0
3906,1
3907,1
3908,1
3909,0
3910,0
3911,1
3912,1
3913,0
3914,0
3915,0
3916,1
3917,1
3918,0
3919,1
3920,0
3921,1
3922,1
3923,1
3924,0
3925,0
3926,1
3927,1
3928,1
3929,1
3930,1
3931,1
3932,0
3933,1
3934,0
3935,1
3936,0
3937,0
3938,0
3939,1
3940,1
3946,0
3947,0
3948,1
3949,1
3950,1
3951,0
3952,1
3953,1
3954,0
3955,1
3956,1
3958,1
3959,1
3960,1
3961,0
3962,1
3963,0
3964,0
3970,1
3971,0
3972,0
3973,0
3974,0
3975,1
3976,0
3977,0
3978,1
3981,1
3984,0
3985,1
3986,1
3988,0
3989,0
3990,0
3991,1
3992,1
3993,0
3994,0
4000,1
4001,1
4004,0
4016,1
4017,1
4018,0
4019,1
4020,1
4021,1
4022,0
4023,1
4024,0
4025,0
4026,0
4027,1
4028,0
4029,1
4030,1
4032,1
4037,0
4061,1
4062,1
4063,0
4064,0
4065,0
4066,1
4067,1
4068,1
4069,1
4075,0
4084,0
4090,0
4091,0
4092,0
4093,1
4094,0
4095,1
4096,0
4097,0
4103,1
4112,1
4113,1
4114,0
4115,1
4116,1
4117,1
4118,1
4119,0
4120,1
4123,0
4125,1
4130,1
4131,0
4132,1
4133,1
4134,1
4135,1
4136,0
4137,0
4138,1
4139,1
4140,0
4141,1
4142,0
4143,1
4144,0
4145,0
4146,1
4147,0
4148,0
4149,0
4150,1
4157,0
4158,1
4159,0
4160,0
4161,0
4162,0
4163,1
4164,1
4165,0
4179,0
4180,0
4181,1
4182,1
4183,1
4184,1
4185,0
4186,1
4187,1
4188,1
4195,1
4196,1
4197,1
4198,1
4199,0
4200,1
4201,0
4202,0
4203,0
4204,0
4205,1
4206,1
4207,1
4208,0
4209,0
4210,0
4211,1
4212,1
4213,0
4214,1
4215,1
4216,1
4217,0
4218,1
4219,1
4220,1
4221,1
4222,0
4223,0
4224,0
4225,1
4226,0
4227,1
4228,1
4230,0
4231,1
4233,1
4234,1
4235,1
4236,0
4237,0
4238,1
4239,1
4240,1
4241,1
4242,0
4243,1
4244,0
4245,1
4246,0
4247,1
4248,0
4249,1
4250,1
4251,0
4252,1
4253,1
4254,0
4255,1
4256,0
4257,0
4258,1
4259,0
4260,1
4261,1
4262,0
4263,0
4264,0
4267,0
4279,1
4280,0
4281,0
4282,0
4283,1
4284,0
4285,1
4286,0
4287,0
4288,1
4289,0
4290,0
4291,1
4292,1
4293,0
4295,1
4296,1
4305,1
4306,0
4311,1
4312,1
4313,1
4314,1
4315,0
4319,1
4320,1
4327,1
4328,0
4329,1
4330,1
4331,1
4332,1
4333,1
4334,1
4341,0
4342,0
4343,1
4344,1
4345,1
4346,1
4348,1
4349,1
4350,1
4356,0
4358,1
4360,0
4361,0
4362,1
4363,0
4375,1
4376,1
4377,1
4378,1
4379,0
4380,0
4381,1
4394,0
4397,1
4398,0
4399,1
4401,1
4402,0
4403,0
4404,0
4405,1
4406,0
4407,0
4408,1
4409,1
4410,0
4419,1
4424,1
4425,1
4426,1
4427,1
4428,1
4429,1
4430,1
4431,0
4432,0
4433,1
4434,1
4445,1
4447,0
4448,0
4449,1
4450,0
4451,0
4452,1
4456,0
4457,0
4458,1
4460,0
4461,0
4462,1
4463,1
4465,0
4468,0
4469,1
4470,0
4472,1
4474,1
4492,1
4494,1
4495,1
4497,1
4500,0
4501,1
4502,1
4503,1
4504,0
4505,1
4506,0
4507,1
4508,1
4509,1
4511,1
4512,0
4513,0
4514,0
4515,1
4518,0
4519,1
4520,1
4521,1
4522,0
4523,1
4524,0
4525,0
4526,0
4527,0
4580,0
4581,0
4582,1
4583,1
4584,0
4585,0
4586,0
4587,1
4588,0
4589,0
4590,1
4591,1
4600,0
4601,1
4602,1
4607,0
4608,0
4609,1
4611,0
4612,1
4615,0
4621,0
4623,1
4624,1
4625,1
4626,0
4627,1
4628,0
4629,0
4630,1
4636,1
4647,0
4653,1
4654,0
4655,1
4656,1
4657,1
4659,1
4660,0
4665,1
4666,1
4669,1
4670,0
4671,1
4672,0
4674,1
4675,1
4677,0
4680,1
4682,1
4683,1
4684,0
4685,1
4686,0
4687,0
4689,1
4726,1
4727,1
4729,1
4731,1
4732,1
4733,0
4734,0
4735,0
4736,1
4737,0
4738,1
4739,0
4740,1
4744,0
4745,1
4747,0
9556,1
4749,0
4750,1
4751,0
4752,1
4753,0
4758,0
4759,0
4760,0
4761,1
4762,1
4763,0
4764,1
4765,0
4766,1
4767,0
4768,1
4769,0
4770,1
4771,0
4773,1
4774,1
4775,0
4776,0
4777,0
4778,0
4779,1
4780,0
4781,1
4782,0
4783,0
4784,1
4785,0
4786,1
4787,1
4788,1
4789,1
4790,1
4791,0
4792,1
4793,0
4794,1
4795,1
4796,0
4797,0
4798,0
4799,1
4800,0
4801,1
4802,1
4803,1
4804,0
4805,1
4806,1
4807,0
4808,0
4809,1
4810,0
4811,0
4812,1
4813,1
4814,0
4815,0
4816,1
4817,0
4818,1
4819,1
4820,1
4821,0
4822,0
4823,0
4824,1
4825,1
4826,1
4827,1
4828,0
4829,1
4830,0
4831,1
4832,1
4833,0
4834,1
4835,0
4836,0
4837,1
4838,0
4839,1
4840,0
4841,0
4842,1
4843,0
4844,1
4845,1
4846,1
4847,0
4848,0
4849,0
4850,1
4851,1
4852,0
4853,0
4854,1
4855,0
4856,0
4857,1
4858,0
4859,1
4860,1
4861,1
4862,1
4863,0
4864,1
4865,0
4866,0
4867,1
4868,0
4869,0
4870,0
4871,1
4872,0
4873,1
4874,1
4875,0
4876,0
4877,0
4878,0
4879,1
4881,1
4882,0
4883,1
4884,1
4885,0
4886,1
4887,0
4888,0
4889,1
4890,0
4891,0
4892,1
4893,0
4894,1
4895,1
4896,1
4897,0
4898,1
4899,0
4900,1
4901,1
4902,1
4903,1
4904,0
4905,1
4906,0
4907,1
4908,0
4909,1
4910,0
4911,1
4912,1
4913,0
4914,1
4915,0
4916,0
4917,0
4918,1
4919,0
4920,0
4921,1
4922,0
4923,1
4924,1
4925,0
4926,0
4927,1
4928,1
4929,0
4930,0
4931,1
4932,1
4936,1
4937,1
4938,0
4939,0
4940,0
4941,1
4942,0
4944,1
4945,1
4946,1
4948,0
4951,0
4952,1
4954,1
4956,1
4957,0
4958,0
4962,1
4966,0
4967,0
4971,1
4972,1
4973,1
4974,1
4975,0
4976,1
4977,1
4978,0
4979,1
4980,0
4982,1
4983,1
4984,1
4985,1
4986,1
4987,1
4988,1
4989,0
4990,1
4991,1
4992,0
4993,1
4995,0
4996,1
4997,1
4998,0
5000,1
5001,1
5002,0
5003,1
5004,0
5005,1
5007,0
5008,1
5009,1
5011,0
5012,0
5013,0
5014,0
5015,1
5016,0
5017,1
5018,1
5019,0
5020,0
5022,1
5024,1
5026,1
5028,1
5029,1
5034,0
5036,0
5038,0
5040,1
5041,0
5042,0
5043,0
5044,0
5045,1
5046,1
5047,1
5048,0
5049,1
5059,1
5060,0
5065,1
5067,0
5068,1
5069,1
5070,0
5072,1
5073,0
5074,1
5075,0
5076,0
5077,0
5078,1
5079,0
5080,0
5081,1
5082,1
5084,1
5087,1
5092,1
5095,1
5099,1
5100,0
5102,0
5103,1
5105,0
5106,1
5107,1
5108,1
5109,0
5110,0
5111,1
5112,1
5113,0
5114,1
5115,0
5116,1
5127,1
5132,1
5133,1
5135,1
5136,1
5137,1
5139,0
5141,0
5142,0
5143,0
5145,1
5146,1
5147,1
5148,0
5149,0
5156,1
5161,1
5163,0
5164,1
5168,0
5169,1
5170,1
5171,0
5172,0
5173,0
5174,0
5175,0
5176,0
5177,1
5178,1
5179,1
5180,1
5181,1
5182,0
5192,0
5193,1
5194,0
5195,0
5196,1
5197,1
5200,1
5203,0
5204,0
5205,0
5207,0
5209,1
5210,0
5211,1
5217,0
5218,1
5219,0
5220,0
5221,0
5222,1
5223,1
5224,0
5225,1
5226,1
5227,0
5228,0
5229,1
5230,1
5231,0
5232,0
5233,0
5246,1
5248,1
5250,0
5251,1
5314,1
5315,0
5316,1
5317,1
5318,0
5319,1
5320,1
5321,0
5322,1
5323,1
5324,0
5325,1
5326,1
5327,0
5328,0
5330,0
5334,1
5336,0
5340,1
5341,0
5342,1
5343,1
5344,0
5345,1
5346,1
5347,1
5348,0
5349,1
5350,1
5351,0
5352,0
5353,0
5434,0
5438,0
5439,1
5449,0
5453,1
5460,1
5465,1
5468,1
5478,1
5479,0
5488,1
5490,0
5496,1
5497,1
5501,1
5504,1
5507,1
5510,0
5511,0
5512,0
5513,0
5514,1
5515,0
5516,0
5517,1
5518,1
5519,1
5520,1
5521,1
5522,0
5523,0
5524,1
5525,0
5526,0
5527,0
5542,1
5543,1
5544,1
5545,0
5546,1
5547,0
5548,0
5549,1
5550,0
5551,1
5555,1
5556,0
5558,0
5559,0
5560,0
5561,1
5562,1
5564,0
5566,0
5567,0
5568,1
5569,1
5570,1
5571,1
5572,0
5573,1
5574,1
5575,0
5576,0
5577,1
5578,0
5579,0
5580,1
5581,1
5582,1
5583,1
5584,1
5585,0
5587,0
5589,0
5593,1
5595,1
5596,0
5597,1
5598,1
5599,0
5600,0
5601,1
5603,0
5604,1
5606,0
5608,1
5609,0
5610,1
5611,1
5612,0
5613,1
5614,1
5615,1
5616,1
5617,1
5618,1
5619,1
5620,0
5621,0
5632,1
5633,1
5634,1
5636,0
5637,1
5640,1
5641,1
5642,0
5643,1
5644,0
5645,1
5646,0
5647,1
5648,1
5649,0
5650,1
5651,1
5652,0
5653,1
5654,1
5655,0
5656,0
5663,1
5664,0
5665,1
5666,0
5667,1
5668,0
5669,0
5670,1
5671,1
5675,1
5679,1
5686,1
5687,0
5689,1
5690,0
5692,0
5693,1
5694,1
5696,1
5697,1
5707,1
5709,0
5710,1
5711,1
5712,1
5714,0
5715,1
5716,0
5717,1
5739,1
5742,1
5744,0
5745,1
5746,1
5748,1
5749,0
5750,0
5751,0
5752,1
5753,1
5754,0
5755,0
5756,1
5757,1
5765,0
5766,1
5767,1
5768,0
5774,0
5775,1
5778,1
5779,1
5780,1
5782,1
5783,0
5784,0
5785,0
5786,0
5787,1
5789,0
5790,1
5791,0
5793,1
5795,1
5796,1
5799,1
5803,1
5804,1
5805,1
5806,0
5807,0
5808,1
5809,1
5810,0
5811,1
5812,1
5813,0
5815,1
5816,0
5817,0
5818,0
5819,0
5820,1
5821,0
5822,1
5824,1
5825,1
5826,0
5827,0
5830,1
5831,0
5832,1
5834,1
5835,0
5836,0
5837,0
5838,1
5839,0
5840,1
5841,0
5842,1
5843,0
5845,1
5846,1
5847,0
5848,1
5849,0
5850,0
5857,1
5858,0
5861,1
5862,1
5864,1
5865,1
5866,1
5868,0
5870,1
5873,1
5874,1
5875,1
5876,0
5877,0
5878,1
5879,1
5880,1
5881,0
5882,1
5883,1
5884,0
5885,1
5886,0
5887,0
5888,1
5889,0
5890,1
5891,1
5893,0
5894,1
5895,0
5896,1
5897,0
5898,1
5899,0
5900,1
5901,0
5902,1
5903,0
5904,0
5905,0
5906,0
5907,1
5908,0
5909,0
5910,0
5912,0
5913,0
5918,1
5919,1
5920,1
5921,1
5922,1
5923,0
5924,1
5925,0
5926,1
5937,1
5938,1
5942,1
5943,1
5944,1
5945,1
5946,1
5947,0
5948,0
5949,0
5950,0
5951,1
5952,1
5953,1
5954,1
5955,1
5956,1
5957,1
5958,1
5959,1
5960,0
5961,1
5962,0
5963,0
5964,0
5965,1
5966,0
5967,1
5968,0
5969,1
5970,1
5971,1
5972,0
5973,0
5974,1
5975,1
5976,0
5977,0
5978,0
5979,0
5980,1
5981,1
5982,1
5983,0
5984,0
5985,0
5986,1
5987,1
5988,1
5989,0
5990,1
5991,0
5992,1
5993,0
5994,1
5995,1
5996,1
5997,1
5998,0
5999,1
6000,0
6001,0
6002,1
6003,1
6004,0
6005,0
6006,1
6007,0
6008,1
6009,0
6010,0
6011,0
6012,1
6013,1
6014,0
6017,1
6018,1
6019,1
6020,0
6021,0
6022,1
6023,0
6024,1
6025,1
6026,1
6027,0
6028,1
6029,0
6030,1
6031,0
6032,0
6033,0
6034,0
6035,1
6036,1
6042,1
6043,0
6044,0
6045,1
6046,1
6047,0
6048,1
6050,0
6051,0
6054,0
6056,0
6059,1
6062,1
6063,0
6065,0
6067,1
6068,1
6070,1
6071,0
6072,1
6073,1
6074,1
6075,1
6076,1
6077,0
6078,1
6079,0
6080,0
6081,0
6083,1
6084,1
6092,0
6093,0
6094,1
6095,1
6096,1
6097,1
6098,1
6099,0
6100,1
6101,0
6102,0
6108,1
6111,1
6112,0
6113,0
6114,1
6115,1
6125,1
6127,1
6132,0
6145,0
6146,0
6151,0
6154,0
6155,1
6156,1
6157,1
6158,1
6159,0
6160,1
6161,0
6162,1
6163,0
6164,0
6165,1
6166,1
6167,1
6168,0
6169,0
6170,1
6171,0
6172,1
6173,1
6174,0
6176,0
6177,0
6178,0
6179,0
6180,1
6181,1
6184,0
6185,0
6186,1
6187,1
6189,0
6190,1
6194,0
6197,0
6198,1
6204,1
6205,1
6206,0
6207,1
6208,0
6209,1
6210,0
6215,1
6221,1
6222,1
6227,1
6230,0
6231,1
6232,1
6233,1
6234,0
6235,1
6236,1
6237,0
6238,1
6239,1
6240,1
6241,0
6243,1
6244,0
6251,0
6252,0
6253,1
6256,1
6258,1
6260,1
6261,1
6263,0
6264,1
6266,0
6267,1
8246,1
6280,1
6281,0
6282,0
6283,1
6284,1
6286,1
6287,0
6297,1
6298,1
6303,1
6310,0
6311,0
6320,1
6322,0
6327,1
6330,1
6333,0
6334,1
6335,0
6336,1
6337,1
6338,1
6339,1
6340,1
6341,1
6342,1
6343,1
6344,1
6348,0
6350,1
6352,1
6355,1
6365,1
6366,1
6368,1
6384,1
6385,1
6386,1
6403,1
6405,0
6406,1
6407,1
6408,0
6409,1
6410,0
6411,1
6415,1
6418,1
6429,1
6430,0
6431,1
6432,0
6433,1
6434,1
6435,1
6438,0
6440,1
6444,1
6445,1
6449,0
6451,1
6454,1
6455,1
6459,1
6461,0
6462,1
6464,0
6465,1
6466,0
6467,0
6468,0
6469,1
6470,0
6472,0
6473,1
6474,0
6475,1
6476,0
6477,1
6478,0
6479,1
6480,1
6481,0
6482,1
6483,0
6484,1
6485,1
6486,0
6487,0
6488,0
6489,1
6490,1
6497,1
6498,0
6499,1
6500,0
6501,0
6502,1
6503,1
6504,0
6506,1
6507,0
6508,0
6509,1
6510,1
6511,1
6512,0
6514,0
6515,1
6517,1
6523,0
6524,1
6533,0
6534,0
6535,0
6536,0
6537,0
6538,1
6542,0
6543,1
6544,1
6545,0
6547,1
6548,1
6549,1
6550,1
6551,0
6552,0
6553,1
6554,0
6562,0
6564,0
6570,0
6572,0
6575,0
6579,1
6586,1
6588,1
6589,1
6600,0
6602,1
6603,0
6604,0
6605,0
6606,1
6607,0
6608,1
6610,0
6619,1
6620,1
6622,0
6623,0
6625,0
6626,0
6632,1
6633,1
6634,1
6635,1
6638,0
6649,1
6662,1
6664,0
6665,0
6666,1
6667,1
6668,0
6670,0
6672,0
6674,0
6679,0
6686,1
6687,0
6688,0
6689,0
6690,0
6691,1
6701,0
6702,0
6703,1
6704,0
6711,0
6713,1
6714,1
6715,1
6716,0
6717,0
6718,1
6719,0
6720,1
6724,0
6725,1
6726,1
6729,0
6733,0
6734,1
6735,1
6738,0
6739,0
6740,1
6741,1
6742,0
6743,0
6744,1
6745,1
6746,0
6748,1
6749,1
6751,1
6752,1
6755,1
6756,1
6758,0
6761,1
6762,1
6766,1
6767,0
6776,1
6777,0
6786,1
6787,1
6793,1
6794,0
6801,0
6802,1
6803,1
6804,1
6805,0
6806,1
6808,1
6809,0
6810,1
6811,1
6815,1
6817,1
6818,1
6819,1
6820,0
6822,0
6824,1
6825,1
6827,1
6828,0
6829,1
6831,1
6833,0
6834,1
6835,0
6836,1
6837,1
6838,1
6839,0
6848,1
6849,1
6850,1
6851,0
6852,1
6853,1
6854,0
6855,1
6856,0
6857,0
6858,1
6859,0
6860,1
6861,1
6862,1
6863,1
6864,0
6865,0
6866,1
6867,0
6868,1
6869,1
6870,1
6871,1
6872,0
6873,1
6874,0
6875,0
6876,1
6877,0
6880,1
6881,1
6882,0
6883,0
6885,0
6887,1
6888,1
6889,0
6891,1
6892,1
6893,0
6895,0
6897,1
6905,1
6906,1
6907,0
6909,0
6910,0
6911,1
6912,0
6913,1
6914,1
6915,0
6916,1
6917,1
6918,1
6919,1
6920,1
6921,1
6927,0
6928,1
6929,1
6934,0
6935,0
6937,1
6938,1
6939,0
6940,1
6941,1
6942,1
6943,1
6944,1
6945,0
6947,1
6950,1
6952,0
6953,1
6954,0
6955,0
6980,0
6981,1
6984,0
6986,0
6987,1
6989,1
6994,0
6996,0
6997,0
6998,0
7001,1
7002,0
7003,0
7004,0
7006,0
7007,1
7008,1
7010,1
7011,1
7012,1
7013,1
7014,1
7015,0
7016,0
7017,0
7018,1
7019,0
7020,0
7021,0
7022,1
7023,1
7027,1
7028,1
7029,0
7030,0
7031,1
7032,1
7033,0
7034,1
7035,1
7036,1
7037,0
7038,0
7039,0
7040,0
7041,0
7043,0
7044,1
7045,1
7046,0
7047,0
7048,0
7049,1
7050,1
7051,1
7052,0
7053,0
7054,1
7055,0
7056,1
7057,0
7058,1
7059,1
7060,0
7061,0
7062,1
7063,0
7064,1
7065,0
7066,0
7067,1
7068,0
7069,1
7070,1
7071,0
7072,1
7073,1
7074,0
7075,1
7076,0
7077,0
7078,1
7079,0
7080,1
7081,0
7082,1
7083,0
7084,1
7085,1
7086,0
7087,0
7088,0
7089,1
7091,1
7092,1
7093,0
7095,1
7096,1
7097,1
7098,0
7099,0
7100,0
7101,1
7102,1
7103,0
7104,0
7105,1
7106,0
7107,1
7108,1
7109,1
7110,0
7112,0
7113,1
7114,1
7115,0
7116,0
7117,0
7119,0
7120,1
7122,1
7123,1
7124,0
7125,1
7126,0
7127,1
7128,1
7129,0
7130,1
7132,1
7133,1
7134,0
7135,0
7136,0
7137,0
7139,1
7140,1
7141,1
7142,0
7143,1
7144,1
7146,0
7147,0
7148,0
7149,0
7150,1
7151,1
7152,1
7153,1
7154,0
7155,1
7156,0
7157,0
7158,1
7159,0
7160,1
7161,0
7162,1
7163,0
7164,1
7165,0
7166,1
7167,1
7168,0
7169,1
7170,0
7171,0
7172,1
7173,1
7174,1
7175,0
7176,0
7177,1
7178,0
7179,1
7180,1
7181,1
7183,1
7184,0
7185,0
7189,1
7192,1
7217,0
7222,1
7223,1
7224,1
7227,0
7228,1
7229,0
7230,1
7232,1
7252,1
7265,1
7266,0
7267,1
7268,1
7269,1
7270,1
7271,0
7272,1
7273,1
7274,1
7275,0
7276,1
7277,0
7278,0
7279,1
7280,1
7281,0
7282,0
7283,0
7284,1
7285,0
7286,1
7287,0
7288,0
7289,0
7290,1
7291,1
7308,1
7309,1
7310,0
7311,0
7312,1
7313,1
7314,0
7315,0
7356,1
7357,1
7358,1
7360,1
7361,1
7362,1
7363,1
7364,1
7365,1
7366,0
7368,0
7369,0
7370,0
7371,1
7372,1
7373,1
7374,1
7375,1
7376,1
7378,0
7379,1
7380,1
7381,0
7382,1
7383,1
7384,1
7385,0
7390,0
7391,0
7392,1
7393,0
7394,1
7395,1
7396,1
7402,0
7407,1
7414,0
7416,0
7418,1
7420,1
7429,1
7430,1
7431,0
7432,1
7433,0
7434,0
7435,1
7436,0
7443,1
7445,0
7446,0
7447,0
7448,1
7449,0
7450,0
7451,1
7452,1
7453,0
7454,0
7455,0
7456,1
7462,0
7463,1
7464,1
7465,0
7466,0
7467,1
7468,0
7469,1
7470,0
7471,1
7472,0
7473,1
7474,0
7475,1
7476,1
7477,0
7478,1
7479,0
7481,1
7482,1
7483,0
7484,1
7485,0
7486,1
7487,0
7488,1
7489,1
7490,0
7491,1
7492,0
7493,1
7494,0
7495,0
7496,1
7497,0
7498,1
7499,1
7500,0
7501,1
7502,0
7503,1
7504,0
7505,1
7506,0
7519,1
7523,0
7525,1
7526,1
7527,1
7528,1
7529,0
7530,1
7531,0
7532,1
7541,1
7554,0
7552,0
7555,1
7557,1
7553,0
7596,1
7598,1
7610,0
7614,1
7609,0
7612,1
7611,0
7613,1
7617,0
7615,0
7608,1
7607,0
7616,1
7618,0
7623,0
7619,1
7621,0
7620,1
7622,0
7624,1
7664,1
7659,0
7661,1
7662,1
7665,1
7666,1
7653,0
7654,1
7655,1
7657,1
7658,1
7656,1
7660,1
7663,0
7679,1
7680,0
7682,1
7683,0
7684,1
7686,1
7688,1
7697,0
7692,1
7694,1
7693,1
7699,0
7695,0
7696,1
7698,0
7725,1
7726,0
7715,0
7720,1
7719,1
7718,1
7722,0
7716,0
7721,0
7717,1
7730,0
7727,1
7723,1
7728,1
7729,1
7724,0
8282,1
8299,0
8311,1
7763,1
7753,1
7755,1
7756,0
7759,0
7762,0
7760,0
8318,1
7765,0
7767,1
7766,1
7768,1
7769,0
7772,0
7771,1
7770,1
8271,0
8283,1
8308,1
7802,0
7815,1
7801,0
7823,1
7791,1
7790,1
7806,0
7804,1
7811,1
7807,1
7809,1
7803,0
7821,0
7819,0
7817,1
7822,1
7820,1
7824,0
7816,1
7818,1
8249,1
7859,1
7862,0
7844,1
7863,1
7861,0
7860,1
9647,0
7838,1
7835,1
7840,0
7846,1
7842,1
7854,0
7850,1
7845,0
7858,1
8278,0
8284,0
7866,0
7871,1
7857,1
7852,1
7848,0
7856,1
7843,0
7849,1
7851,0
7853,1
7874,1
7877,1
7878,1
7879,1
7875,0
7868,0
7870,1
7872,1
7869,0
7873,1
8279,0
7884,1
8285,0
7904,0
7890,0
7885,1
7887,1
7910,0
7886,1
7889,0
7888,1
7882,0
7880,0
7883,1
7917,1
7881,0
7911,0
7908,0
7906,1
7907,0
7891,1
7915,0
7913,1
7916,1
7894,0
7919,1
7892,1
7893,1
7922,1
7925,0
7926,0
7921,1
7920,1
7924,1
7905,1
7918,1
7909,0
7867,0
7912,0
7914,1
7927,0
7928,0
7954,0
7929,1
7940,1
7939,0
7941,1
7932,1
7938,1
7949,1
7930,0
7933,0
7931,1
7957,0
7934,1
7950,0
7935,0
7936,1
7937,1
7951,1
7959,1
7952,1
7948,0
7953,0
7956,1
7955,1
7960,1
7965,0
7962,1
7958,0
7970,1
7961,1
7969,0
7963,1
7964,0
7966,0
7968,0
7967,1
7972,1
7971,0
7973,1
7974,1
7975,1
7976,1
7978,0
7979,1
7988,0
7980,1
7989,0
7981,1
7982,0
7983,0
8309,1
7984,0
8319,0
8321,1
7985,1
8323,1
8326,1
7986,0
6308,1
7987,0
8351,1
8353,0
8355,1
8360,0
8361,1
8324,0
8350,1
8352,0
8085,1
8083,1
8084,0
8086,1
8094,1
8117,0
8118,1
8119,1
8120,0
8121,1
8122,1
8136,1
8137,0
8138,1
8143,1
8144,0
8145,0
8146,0
8147,1
9648,1
8154,0
8157,0
8158,0
8159,0
8167,0
8168,1
8172,1
8177,1
8180,1
8182,0
8191,1
8194,0
8196,1
8197,1
8198,1
8200,1
8201,1
8202,0
9558,1
8210,0
8211,1
8212,0
8213,1
8214,1
8216,1
8217,1
8218,0
8219,0
8220,1
8221,1
9559,0
8235,0
8236,0
8237,0
8238,1
8239,0
9916,1
9940,0
9560,1
9677,0
9692,1
9697,1
9712,0
9717,0
9766,1
9771,1
9800,0
9819,1
9941,0
10945,1
9872,1
9887,0
9561,0
9671,0
9678,1
9693,0
9713,0
9718,0
9729,1
9740,0
9772,0
9785,0
9791,0
9813,1
9564,1
9768,0
9573,1
9562,1
9565,1
9591,1
9574,0
9575,1
9600,0
9568,0
9570,0
9577,1
9571,1
9572,0
9585,0
9607,0
9589,1
9773,0
9672,0
9679,1
9694,0
9714,1
9719,1
9730,0
9786,0
9821,1
9592,1
9563,0
9566,0
9627,1
9673,0
9695,1
9569,1
9715,1
9576,0
9720,1
9578,1
9586,0
9731,1
9590,0
9774,0
9787,1
9822,1
9567,1
9579,0
9587,1
9593,1
9628,1
9681,0
9696,1
9708,0
9716,0
9721,1
9770,1
9788,0
9794,1
9874,1
9888,0
9580,0
9889,0
9588,0
9594,0
9610,0
9682,1
9722,1
9789,0
9795,0
9817,1
9824,0
9875,0
9581,0
9595,0
9630,1
9683,1
9710,1
9796,1
9876,1
9890,1
10969,1
11022,0
11968,1
8370,1
8371,1
8372,1
8374,1
8375,1
8376,1
8377,1
8378,1
8388,1
8391,1
8393,0
8395,0
8397,1
8398,0
8399,1
8400,0
8401,0
8402,1
8403,0
8412,1
8414,1
8416,0
8417,1
8418,1
8420,1
8421,1
8446,0
8447,0
8448,1
8449,0
8450,1
8451,1
8452,0
8453,0
8467,1
8469,1
8470,1
8507,1
8520,1
8522,1
8523,1
8524,0
8525,1
8526,0
8527,0
8531,1
8532,1
8533,1
8534,1
8535,0
8544,1
8545,1
8546,1
8547,0
8549,1
8552,0
8573,1
8574,0
9582,1
9596,1
9797,1
9877,1
9891,0
10954,0
10970,0
8622,1
8623,1
8624,0
8625,0
8626,1
8627,1
8628,1
8629,0
8630,1
8631,1
8632,1
8633,1
8634,0
8635,1
8636,1
8640,1
8641,1
8642,1
8643,1
8644,1
8645,0
8646,1
8647,0
8648,0
8649,1
8650,1
8651,1
8652,0
8653,1
8654,0
8655,0
8656,1
8657,0
8658,1
8659,1
8660,0
8661,1
8662,1
8663,1
8664,1
8665,1
8667,1
8668,1
8670,1
8671,1
8672,1
8673,0
8674,1
8675,1
8677,1
8678,0
8679,1
8691,0
8690,0
8689,0
8693,0
8702,1
8700,0
8701,1
8687,0
8688,1
8712,1
8699,1
8703,0
8694,1
8695,0
8707,1
8696,1
8704,0
8706,1
8705,0
8709,0
8708,0
8711,1
8714,1
8715,1
8717,1
8718,1
8747,1
8720,1
8730,0
8719,1
8737,1
8733,1
8722,0
8721,1
8732,1
8726,1
8724,1
8725,1
8727,0
8735,1
8728,0
8729,1
8734,1
8731,1
8736,0
8738,1
8754,0
8739,0
8744,0
8740,0
8742,0
8741,1
8743,1
8746,1
8745,0
8748,0
8749,1
8751,1
8753,0
8758,1
8760,0
8767,1
8768,0
8770,1
8771,1
8772,1
8773,0
8775,0
8776,0
8793,1
8794,0
8795,1
8802,0
8816,1
8817,1
8852,1
8853,1
8856,0
8873,0
8874,1
8875,0
8885,1
8908,1
8913,0
8914,0
8915,0
8916,1
8917,0
8918,1
8929,1
8936,0
8938,1
8940,1
8941,1
8944,0
8945,0
8946,1
8947,1
8949,1
8950,1
8951,1
8952,0
8968,0
8969,0
8977,0
8978,1
8979,1
8980,1
8981,1
8988,1
8990,1
8991,0
8993,1
8994,0
8995,0
9584,1
9012,1
9583,0
9014,0
9015,0
9016,0
9017,1
9018,1
9020,1
9022,1
9598,0
9637,1
9747,1
9798,1
11014,1
12016,1
9597,1
9799,1
9833,0
9051,0
9052,0
10941,1
10971,0
11019,0
11023,0
12020,0
11965,1
11969,1
11974,1
11980,0
12013,1
12022,0
12024,0
12026,1
12028,0
12029,0
11020,0
9599,1
9639,0
10972,1
11024,1
11966,1
11970,0
11972,1
11975,1
9116,0
9118,1
9119,1
9120,1
9121,1
9025,1
9026,0
9027,0
9028,1
9029,1
9030,0
9031,0
9032,0
9033,1
9034,0
9035,0
9036,1
9037,1
9038,1
9039,1
9088,1
11981,0
12014,0
12017,0
9040,0
9041,0
9042,0
9043,1
9044,1
9045,1
9046,1
9047,0
9048,0
9049,0
9050,0
9057,1
9058,1
9059,1
9060,1
9061,1
9062,0
9063,1
9065,0
9067,1
9068,0
9072,1
9073,1
9074,0
9075,1
9076,1
9077,0
9078,1
9079,1
9080,0
9081,0
9082,0
9083,1
9085,1
9086,0
9087,0
9089,0
9090,0
9091,1
9092,0
9093,1
9094,0
9095,0
9096,1
9097,0
9098,0
9099,0
9100,1
9101,1
9102,0
9103,1
9104,1
9105,0
9106,1
9107,1
9108,1
9109,0
9110,0
9111,0
9114,0
9138,1
9155,0
9157,0
9158,0
9160,1
9165,0
9168,0
9170,1
9171,1
9172,0
9173,0
9174,0
9176,1
9177,1
9178,0
9179,1
9180,1
9182,1
9183,1
9184,0
9187,0
9188,0
9189,1
9190,1
9191,1
9192,0
9193,1
9194,0
9195,0
9196,1
9197,0
9198,1
9199,0
9202,1
9205,1
9206,1
9215,0
9216,1
9217,0
9224,0
9226,1
9227,0
9230,1
9232,1
9238,1
9246,0
9250,0
9251,0
9264,0
9265,0
9266,1
9267,0
9270,0
9276,0
9279,0
9280,0
9281,0
9282,1
9283,1
9284,1
9285,0
9286,0
9287,1
9288,1
9289,1
9290,0
9291,1
9292,0
9293,0
9295,1
9303,0
9304,1
9305,1
9306,0
9313,1
9314,1
9315,1
9316,1
9317,0
9318,0
9320,0
9327,0
9328,1
9329,1
9330,1
9331,1
9332,0
9333,1
9334,0
9337,1
9338,1
9340,1
9341,1
9342,1
9343,0
9344,0
9345,0
9346,0
9354,1
9369,1
9372,0
9378,1
9640,0
9399,1
9400,1
9401,0
9402,0
9405,0
9406,0
9407,1
9408,0
9409,0
9411,0
9421,1
9423,1
9439,0
9441,1
9442,1
9443,1
9444,0
9445,1
9446,1
9447,0
9448,1
9449,0
9450,0
9451,1
9452,1
9453,0
9454,0
9455,1
9457,1
9458,1
9459,1
9460,1
9461,0
9462,1
9463,0
9464,0
9465,1
9466,1
9467,0
9468,1
9469,0
9470,0
9471,1
9472,0
9473,1
9474,1
9475,0
9476,0
9477,0
9835,0
9480,1
9481,0
9486,0
9485,1
9488,0
9490,0
9493,0
9642,0
9494,1
9508,1
9524,1
9520,1
9514,1
9498,0
9497,0
9506,1
9500,0
9502,1
9511,0
9521,1
9516,0
9525,1
9515,1
9518,1
9517,1
9523,0
9519,1
9526,0
9527,1
9528,0
9537,0
9540,0
9538,1
9535,1
9536,1
9539,0
9543,1
9544,0
9546,0
9542,0
9541,1
9545,1
9549,1
9548,1
9547,1
9550,0
9554,0
9551,0
9643,1
9552,0
9836,1
11982,1
12012,1
9553,1
9555,1
12015,1
12018,1
11967,0
11973,0
12019,1
12021,1
12023,1
12025,1
12027,0
12030,1
12031,0
12035,1
12043,1
12047,1
12037,0
12036,1
12042,0
12040,0
12039,1
12041,1
12038,0
12044,1
12049,1
12048,1
12045,1
12046,1
12033,0
12066,0
12069,0
12060,1
12059,0
12056,0
12057,1
12062,0
12058,0
12068,1
12067,0
12065,1
12064,1
12070,1
12063,0
12071,0
12061,1
12080,1
12079,1
12074,0
12081,0
12076,1
12075,0
12078,0
12072,1
12086,0
12088,0
12082,0
12090,0
12083,1
12092,1
12102,1
12095,1
12085,1
12084,1
12077,1
12103,0
12100,1
12094,0
12096,0
12089,1
12087,0
12091,0
12093,1
12097,0
12099,1
12098,0
12101,1
12104,1
12109,1
12105,0
12110,1
12112,1
12108,0
12107,0
12114,1
12113,1
12117,1
12106,1
12111,1
12120,1
12116,0
12119,1
12133,0
12118,0
12115,1
12121,1
12126,0
12145,1
12127,1
12123,1
12138,0
12136,0
12122,1
12130,1
12132,1
12124,0
12128,1
12129,1
12131,0
12125,0
12134,1
12144,1
12154,1
12135,0
12137,1
12140,1
12148,0
12143,1
12142,0
12146,1
12141,0
12147,1
12139,1
12149,1
12151,1
12152,1
12153,1
12157,1
12164,0
12168,1
12178,0
12179,0
12180,1
12181,0
12182,1
12183,0
12184,0
12185,1
12186,1
12194,0
12196,0
12195,0
12197,1
12198,0
12199,0
12200,1
12201,0
12202,1
12203,1
12204,1
12205,1
12206,1
12207,1
12208,0
12209,0
12210,0
12211,1
12212,0
12213,1
12214,0
12215,1
12216,1
12224,1
12228,0
12239,1
12241,0
12242,1
12244,1
12245,1
12246,1
12251,1
12262,0
12263,0
12264,1
12265,1
12296,0
12627,0
12640,1
12642,1
12645,1
12661,1
12662,1
12663,1
12665,1
12670,1
12695,0
12700,0
12698,1
12699,1
12697,0
12702,0
12696,1
12701,1
12703,1
12704,0
12705,1
13012,1
12706,0
12707,1
13020,0
12710,0
13013,1
12708,0
13008,0
13007,1
12709,1
13014,0
13009,0
13010,1
13011,0
13024,1
13017,1
13021,1
13016,1
13018,1
13015,0
13019,1
13023,0
13029,1
13025,1
13026,0
13022,0
13028,0
13030,1
13027,1
13032,1
13031,0
13034,0
13033,1
13035,1
13036,0
13037,1
13038,1
13051,1
13045,0
13048,1
13046,1
13047,0
13043,1
13042,0
13044,0
13041,1
13049,1
13050,0
13052,0
13072,1
13090,0
13093,1
13107,1
13110,1
13120,0
13121,0
13122,1
13123,0
13137,1
13157,1
13160,1
13163,1
13166,0
13167,0
13173,1
13175,0
13178,0
13179,0
13180,0
13191,1
13192,1
13193,1
13194,1
13196,1
13211,1
13214,0
13217,1
13228,1
13229,1
13230,1
13231,0
13237,0
13240,1
13241,1
13277,1
13289,0
13290,0
13292,1
13293,1
13295,1
13300,1
13301,0
13302,1
13303,1
13304,0
13305,0
13338,1
13339,1
13340,0
13341,0
13342,0
13343,1
13336,0
13337,1
13356,0
13359,1
13361,1
13362,1
13363,1
13364,0
13365,0
13366,1
13367,1
13368,1
13369,1
13370,0
13371,0
13372,0
13373,0
13374,1
13376,1
13378,0
13379,1
13380,1
13381,0
13382,1
13383,1
13384,1
13385,1
13386,0
13387,1
13388,1
13389,0
13390,1
13391,1
13392,1
13393,1
13394,1
13395,0
13396,1
13397,0
13398,1
13377,0
13354,1
13355,1
13344,0
13357,1
13358,0
13360,1
13375,0
13403,1
13404,1
13406,0
13407,0
13408,0
13409,1
13410,0
13411,0
13412,0
13413,0
13414,0
13415,1
13416,1
13417,0
13418,0
13419,1
13420,0
13421,1
13422,1
13423,1
13425,0
13428,0
13436,0
13437,1
13438,0
13439,1
13440,0
13441,1
13443,0
13445,0
13450,0
13451,0
13452,0
13453,1
13454,1
13455,0
13467,1
13468,1
13469,0
13470,1
13471,1
13472,0
13473,0
13474,0
13476,1
13475,0
13481,0
13482,1
13478,0
13479,0
13480,0
13477,1
13483,1
13484,0
13485,1
13486,1
13490,1
13487,0
13489,1
13488,1
13491,1
13494,1
13492,1
13493,1
13505,1
13496,0
13511,0
13498,1
13504,0
13495,0
13497,0
13515,0
13506,0
13499,0
13503,1
13500,1
13502,0
13501,1
13513,0
13507,1
13512,1
13509,1
13517,0
13510,0
13514,0
13521,1
13518,1
13516,0
13520,0
13519,0
13523,0
13525,0
13528,1
13524,0
13526,1
13529,0
13527,0
13533,1
13532,0
13530,1
13531,1
13534,0
13535,1
13536,1
13538,1
13539,0
13553,1
13560,1
13563,1
13564,1
13585,1
13587,1
13588,1
13589,1
13590,0
13591,1
13593,1
13598,1
13602,0
13606,1
13608,1
13611,1
13615,0
13616,1
13619,0
13620,1
13622,1
13623,1
13625,0
13626,1
13627,0
13628,0
13629,1
13630,0
13632,0
13636,0
13637,0
13638,1
14591,1
14592,1
14595,1
14599,0
14607,0
14608,0
14610,0
14622,0
14623,0
14624,1
14625,1
14626,1
14627,1
14628,0
14629,0
14630,1
14632,1
14634,0
14636,0
14637,1
14639,0
14640,1
14641,0
14642,1
14643,0
14644,1
14645,1
14646,1
14647,1
14648,1
14649,1
14650,0
14651,1
14652,1
14653,1
14654,0
14655,0
14656,1
14657,0
14658,1
14659,1
14660,0
14661,0
14662,1
14663,1
14667,0
14671,0
14674,0
14676,1
14683,1
14684,1
14686,0
14687,1
14688,1
15681,1
15685,1
15688,1
15690,1
15691,1
15692,1
15694,1
15695,1
15693,0
15717,1
15718,1
15719,0
15721,1
15722,1
15723,0
15734,0
15736,0
15737,1
15748,1
15749,1
15750,1
15751,0
15752,1
15753,1
15754,1
15757,1
15759,0
15760,0
15761,1
15762,1
15763,1
15767,1
15768,1
15769,1
15776,1
15778,0
15779,1
15780,0
15782,0
15784,1
15786,0
15777,1
15781,0
15787,0
15788,1
15789,0
15790,1
15791,1
15792,0
15794,1
15795,1
15793,1
15797,1
15799,0
15804,1
15796,1
15801,1
15798,0
15812,0
15800,1
15814,0
15815,1
15811,0
15803,1
15802,1
15807,0
15810,0
15813,1
15808,1
15809,0
15817,1
15818,1
15819,1
15823,0
15822,0
15820,1
15821,1
15816,0
15833,1
15834,1
15835,0
15836,0
15837,0
15838,0
15839,0
15840,1
15841,1
15842,0
15843,1
15845,0
15846,0
15847,1
15848,1
15849,1
15850,0
15851,1
15852,1
15853,1
15867,0
15869,1
15870,1
15871,0
15872,0
15873,1
15877,1
15874,0
15875,1
15878,1
15882,1
15883,0
15884,0
15885,0
15886,0
15887,0
15888,0
15892,1
15893,1
15894,0
15895,1
15896,1
15897,0
15898,0
15899,0
15900,1
15901,1
15902,0
15903,0
15904,1
15905,0
15907,1
15912,0
15914,1
15916,0
15917,1
15918,0
15919,1
15920,0
15929,0
15941,1
15942,1
15943,0
15944,0
15946,1
15947,1
15949,1
15950,1
15951,0
15952,0
15961,1
15962,1
15963,0
15964,0
15966,0
15975,0
15976,1
15977,0
15978,1
15981,1
15982,1
15983,0
16000,1
16001,0
16003,1
16004,0
16007,0
16023,1
16025,1
16028,0
16024,0
16030,0
16041,1
16045,0
16046,1
16049,1
16050,1
16061,0
16064,0
16059,1
16060,1
16074,0
16080,0
16081,1
16082,0
16087,1
16088,1
16089,1
16090,0
16091,0
16092,1
16093,1
16094,0
16095,1
16096,1
16097,0
16098,0
16100,1
16101,0
16112,1
16108,1
16103,1
16120,0
16104,0
16110,0
16105,0
16106,0
16109,0
16119,1
16111,0
16107,1
16115,0
16113,1
16114,0
16116,0
16118,1
16123,1
16130,1
16122,0
16125,0
16117,1
16121,1
16128,0
16126,1
16129,1
16124,1
16127,0
16131,1
16133,0
16132,0
16135,1
16136,1
16134,1
16137,0
16102,1
16138,0
16139,1
16158,1
16141,1
16151,0
16145,1
16140,1
16142,0
16143,0
16146,1
16147,0
16163,0
16161,0
16155,0
16153,1
16150,1
16159,0
16149,0
16148,1
16152,0
16154,0
16156,1
16157,1
16160,1
16165,1
16166,1
16162,0
16164,0
16167,1
16171,1
16168,1
16144,1
16169,1
16170,0
16173,0
16172,1
16175,1
16174,1
16176,0
16178,0
16177,1
16189,1
16181,1
16197,0
16184,0
16180,0
16179,1
16185,1
16193,0
16190,1
16186,0
16182,0
16183,1
16201,1
16188,1
16194,1
16187,0
16202,0
16191,1
16195,1
16192,0
16198,1
16203,0
16205,0
16207,0
16196,1
16199,0
16200,1
16210,0
16211,1
16209,0
16213,1
16212,0
16215,1
16214,1
16216,1
16217,0
16256,1
16218,1
16258,0
16219,0
16230,0
16231,1
16232,1
16233,1
16234,0
16235,0
16236,0
16237,1
16238,0
16239,1
16242,1
16255,1
16260,0
16262,0
16263,0
16264,1
16265,1
16266,1
16267,0
16279,0
16283,1
16306,1
16276,1
16309,0
16277,0
16284,1
16285,1
16286,1
16287,1
16289,0
16293,0
16294,1
16295,1
16298,1
16299,1
16300,1
16301,1
16302,1
16303,0
16304,0
16305,1
16310,1
16311,0
16313,0
16315,1
16317,0
16320,1
16330,0
16332,1
16340,1
16342,1
16344,1
16345,1
16346,0
16347,1
16348,1
16349,1
16350,0
16351,1
16352,1
16353,1
16354,1
16355,0
16356,0
16357,1
16358,1
16360,1
16361,0
16362,0
16363,0
16364,0
16365,0
16366,1
16367,1
16368,1
16369,0
16370,1
16371,1
16381,0
16382,0
16383,0
16384,1
16385,1
16386,1
16387,1
16388,0
16389,0
16391,0
16392,1
16393,0
16398,1
16400,1
16401,1
16402,1
16404,1
16399,0
16412,1
16403,1
16406,1
16407,0
16408,1
16409,1
16410,1
16411,1
16413,0
16414,0
16415,1
16416,0
16419,0
16420,0
16424,0
16425,1
16423,0
16428,1
16429,1
16430,1
16432,0
16433,0
16434,1
16435,0
16436,1
16437,0
16439,1
16440,0
16441,1
16442,1
16443,0
16444,1
16445,0
16446,1
16447,1
16431,1
16448,0
16459,0
16461,1
16465,0
16466,1
16467,0
16468,1
16469,0
16470,1
16473,0
16474,0
16475,0
16477,1
16478,0
16480,1
16481,1
16482,1
16486,1
16496,1
16502,1
16507,0
16511,0
16518,0
16523,0
16524,1
16527,0
16531,1
16541,1
16544,0
16545,1
16546,1
16548,1
16549,1
16553,0
16569,1
16570,0
16571,1
16572,0
16574,1
16576,0
16577,1
16578,0
16579,1
16580,1
16599,1
16601,0
16603,0
16604,1
16609,1
16610,1
16611,1
16616,1
16606,1
16618,1
16620,0
16631,1
16632,1
16635,0
16639,1
16641,0
16643,1
16645,1
16646,0
16651,0
16654,0
16653,1
16655,1
16656,1
16657,0
16658,1
16661,1
16662,1
16663,1
16664,0
16666,0
16668,0
16669,1
16671,0
16673,0
16674,0
16675,1
16676,0
16677,0
16678,0
16679,1
16680,0
16682,1
16685,0
16686,1
16688,0
16689,1
16692,1
16693,1
16694,1
16695,1
16696,1
16697,1
16698,0
16699,0
16708,1
16709,0
16710,1
16711,0
16712,0
16714,0
16715,1
16716,0
16717,1
16718,1
16719,1
16721,0
16725,0
16726,1
16729,1
16730,1
16731,0
16732,0
16733,1
16734,0
16735,0
16736,0
16737,0
16739,1
16740,1
16741,1
16742,1
16743,1
16745,0
16746,0
16750,1
16754,1
16753,1
16747,1
16749,0
16748,1
16751,1
16752,1
16755,1
16756,1
16757,1
16758,1
16759,1
16760,1
16761,0
16762,1
16763,1
16764,0
16765,1
16767,1
16766,1
16768,1
16769,1
16770,0
16771,1
16772,0
16773,1
16775,1
16780,0
16781,0
16784,1
16785,1
16787,1
16788,1
16789,1
16790,1
16793,1
16795,0
16794,1
16796,0
16797,1
16800,0
16801,1
16802,1
16803,1
16804,1
16805,1
16807,1
16809,1
16808,1
16810,0
16811,1
16815,0
16816,1
16817,0
16818,1
16819,1
16820,1
16821,0
16822,1
16823,1
16824,0
16825,1
16826,1
16828,1
16827,1
16829,0
16830,1
16835,0
16838,1
16836,1
16842,0
16912,0
17204,0
17224,0
17240,1
17358,1
17373,0
17393,0
17543,1
17575,1
17592,0
16913,1
17205,0
17225,0
17359,0
17374,0
17394,1
17544,0
17593,1
17599,1
16849,0
16857,1
16880,0
16894,1
16914,1
16917,1
16940,0
16952,0
16980,0
16988,1
16996,0
17028,1
17031,1
17057,1
17092,0
17105,0
17127,0
17131,0
17146,1
17153,1
17206,0
17226,1
17360,1
17375,1
16850,0
16858,1
16881,1
16915,0
16919,0
16918,1
16941,1
16950,0
16953,1
16961,1
16970,1
16981,1
16989,1
16997,0
17002,0
17029,0
17032,0
17058,0
17071,0
17078,0
17082,0
17093,1
17101,1
17107,1
17128,1
17132,1
17147,1
17163,1
17207,0
17227,1
16851,1
16859,1
16896,0
16916,0
16920,0
16928,1
16929,1
16962,1
16978,0
16982,1
16990,0
16998,1
17004,0
17013,1
17030,0
17033,0
17059,0
17079,1
17083,0
17094,0
17102,1
17115,0
17129,1
17133,0
17148,1
17155,0
17164,1
16852,0
16860,0
16883,1
16897,1
16922,1
16921,1
16943,0
16955,0
16972,0
16979,0
16983,1
16991,0
16999,0
17005,1
17060,1
17080,1
17084,1
17095,1
17108,1
17116,1
17121,1
17130,0
17134,1
17165,0
17182,1
17208,0
17228,1
17362,0
16861,1
16884,0
16898,1
16923,0
16944,1
16964,0
16973,1
16984,0
16992,1
17000,1
17006,1
17015,0
17023,0
17035,0
17061,1
17074,0
17085,0
17096,0
17122,0
17135,1
17150,1
17166,0
17183,1
17209,0
17229,0
17377,0
17395,0
17545,0
17577,0
16854,1
16899,0
16924,1
16945,0
16974,1
16985,1
16993,1
17001,1
17007,0
17016,1
17036,1
17062,1
17075,1
17086,1
17110,1
17123,1
17136,0
17151,1
17378,0
17582,0
16855,1
16863,0
16886,1
16900,0
16925,1
16946,1
16966,0
16975,0
16986,1
16994,1
17017,0
17025,0
17037,0
17045,0
17054,0
17063,1
17076,1
17087,0
17098,1
17111,1
17185,1
17379,0
17397,1
17547,0
17579,0
16856,0
16864,1
16887,0
16901,0
16947,0
16987,0
16995,1
17009,0
17018,1
17026,0
17038,1
17046,0
17055,0
17064,1
17088,0
17112,1
17125,1
17380,0
17429,0
17454,1
17409,1
17401,0
17398,1
17431,1
17432,1
17412,1
17443,1
17433,0
17451,0
17436,1
17442,1
17448,1
17440,0
17462,1
17470,0
17474,0
17475,1
17481,1
17480,0
16865,0
16888,1
16902,1
16948,1
16968,0
17010,0
17027,0
17056,1
17161,1
17194,1
17215,0
17230,0
17241,1
17399,1
17282,1
17289,1
17299,0
17307,1
17315,0
17331,1
17338,1
17348,0
17381,0
17402,0
17419,1
17410,0
17413,0
17430,0
17434,0
17441,0
17444,0
17437,1
17449,0
17483,1
16866,0
16867,1
16889,1
16903,1
17195,1
17214,0
17231,1
17242,1
17420,0
17284,0
17290,1
17300,0
17308,1
17316,1
17324,0
17332,0
17339,1
17349,1
17364,0
17411,1
17403,0
17414,1
17435,1
17438,1
17450,0
17464,0
17452,1
17455,0
17472,0
17477,1
17484,0
17487,0
17584,1
17490,1
16868,0
16890,1
16904,1
17196,0
17216,1
17232,0
17243,1
17283,1
17291,1
17302,0
17317,1
17325,1
17333,0
17340,0
17350,0
17365,0
17383,1
17446,1
17415,0
17463,1
17421,0
17404,0
17439,0
17453,1
17476,0
17456,0
17473,1
17485,1
17488,0
17491,0
17495,0
17482,1
17585,1
16869,1
16891,1
16905,0
17197,1
17217,1
17233,1
17244,0
17285,0
17292,1
17301,1
17310,1
17318,0
17326,0
17334,1
17351,1
17366,1
17384,1
17465,0
17405,1
17447,0
17422,1
17416,1
17500,1
17471,0
17457,0
17492,0
17486,0
17478,0
17496,1
17489,1
17548,1
17564,0
16870,1
16892,1
16906,1
17198,1
17219,1
17234,1
17245,0
17417,0
17286,0
17293,1
17303,1
17319,1
17327,1
17335,1
17342,0
17352,0
17367,1
17423,0
17537,1
17458,0
17406,0
17549,1
17493,1
17466,0
17479,1
17501,1
17497,0
17517,0
17565,0
17569,0
17586,0
16893,0
16907,1
17192,1
17199,1
17218,1
17235,1
17246,0
17459,1
17272,0
17287,1
17294,1
17320,1
17328,1
17336,1
17343,1
17353,0
17368,0
17386,1
17518,1
17538,0
17424,1
17550,0
17407,1
17467,1
17566,0
17498,1
17570,1
17502,0
17587,1
16872,1
16908,1
17193,1
17200,1
17220,0
17247,0
17588,0
17273,1
17468,1
17460,1
17295,1
17305,0
17313,0
17321,0
17329,0
17337,0
17354,1
17369,1
17387,1
17389,1
17494,1
17408,0
17425,1
17503,0
17539,0
17551,0
17567,0
17571,1
16873,0
16909,1
17201,1
17221,1
17237,0
17248,1
17469,1
17274,0
17296,0
17306,1
17314,1
17322,1
17330,0
17355,1
17370,1
17388,0
17426,1
17499,1
17461,0
17504,1
17520,1
17540,1
17552,1
16874,1
16910,1
17202,0
17222,1
17238,1
17249,1
17297,1
17356,0
17371,0
17391,1
17427,1
17505,0
17541,1
17553,0
17573,1
17590,0
16875,1
16911,0
17203,1
17223,1
17239,1
17250,1
17298,1
17357,0
17372,1
17392,1
17428,1
17522,1
17542,1
17554,0
17574,0
17591,0
17597,1
16841,1
17606,0
17607,1
17609,1
17610,1
17611,1
17613,1
17614,0
17615,1
17616,1
17617,0
17618,1
17620,0
17621,1
17622,0
17623,0
17624,1
17625,0
17626,0
17627,0
17634,0
17635,1
17636,0
17637,1
17639,1
17640,0
17641,1
17648,1
17649,1
17651,1
17652,0
17653,1
17654,0
17655,1
17656,0
17657,0
17658,0
17659,1
17660,1
17661,0
17663,1
17664,1
17665,0
17666,1
17667,1
17671,1
17673,0
17678,1
17679,1
17680,1
17684,1
17685,1
17687,1
17688,0
17689,1
17690,1
17695,0
17697,0
17698,1
17702,1
17704,1
17707,1
17708,1
17709,0
17710,0
17714,0
17715,1
17716,0
17717,1
17718,1
17720,1
17721,1
17723,0
17724,1
17733,0
17735,1
17737,1
17743,0
17744,1
17745,0
17746,1
17747,1
17750,1
17759,0
17760,1
17761,1
17762,0
17763,0
17764,1
17765,1
17766,1
17767,0
17768,1
17771,1
17773,0
17774,1
17775,1
17776,0
17778,0
17779,0
17780,1
17781,1
17783,1
17784,1
17785,1
17789,1
17790,1
17791,0
17792,0
17793,1
17794,1
17795,1
17796,0
17797,0
17798,0
17799,0
17800,0
17802,1
17803,1
17805,1
17806,1
17808,0
17809,0
17810,1
17811,1
17812,1
17814,0
17817,1
17818,1
17820,1
17821,0
17822,1
17823,1
17824,0
17837,0
17839,1
17840,1
17848,1
17855,1
17857,1
17858,0
17859,0
17861,0
17862,0
17864,1
17868,1
17871,1
17872,0
17873,1
17874,0
17875,0
17876,0
17877,1
17878,1
17879,1
17880,1
17881,0
17883,0
17884,1
17885,0
17886,0
17887,1
17888,1
17889,0
17892,1
17900,1
17902,0
17903,0
17904,1
17906,1
17908,0
17909,1
17910,0
17911,1
17912,0
17914,1
17915,1
17916,1
17917,0
17918,1
17922,1
17924,0
17925,0
17926,1
17928,0
17929,1
17930,0
17932,1
17933,1
17936,0
17950,1
17951,0
17952,1
17953,1
17954,1
17955,1
17957,1
17958,1
17959,0
17960,1
17961,1
17962,1
17963,0
17964,1
17965,1
17966,1
17968,0
17969,0
17970,0
17971,0
17979,1
17982,1
17980,0
17985,0
17978,1
17976,0
17984,0
17977,0
17983,1
17981,1
17991,1
17975,1
17997,0
17993,1
17994,1
17987,1
17996,0
17988,1
17986,1
17992,0
17995,0
17990,1
18002,1
18001,0
17998,1
18006,0
18005,0
18004,1
18000,1
17974,1
17989,1
17999,1
18003,0
18007,1
18022,0
18016,0
18011,1
18019,0
18010,0
18012,0
18036,1
18015,1
18021,1
18018,1
18014,0
18028,1
18023,0
18017,0
18024,1
18033,0
18027,1
18030,1
18026,0
18025,0
18032,1
18037,1
18031,1
18035,1
18034,0
18008,1
18020,0
18009,0
18013,1
18040,0
18039,0
18038,1
18041,0
18042,1
18046,1
18045,1
18063,0
18044,1
18064,0
18043,0
18065,1
18047,1
18066,0
18048,1
18067,1
18049,0
18068,0
18050,1
18069,1
18052,1
18070,0
18071,1
18051,0
18072,1
18053,1
18073,0
18054,1
18055,1
18074,1
18075,1
18077,1
18078,1
18089,1
18091,0
18092,1
18093,1
18094,0
18095,0
18097,0
18098,1
18099,0
18100,1
18101,1
18114,0
18116,1
18117,1
18118,1
18124,1
18131,1
18133,1
18134,1
18140,1
18154,1
18155,0
18156,1
18157,1
18158,1
18159,0
18160,1
18162,0
18164,0
18165,1
18166,1
18168,1
18167,1
18169,0
18172,0
18173,1
18174,1
18175,1
18176,0
18178,1
18179,1
18180,1
18181,0
18183,0
18184,0
18185,0
18186,1
18188,1
18189,0
18191,0
18192,1
18193,1
18194,0
18195,0
18196,0
18197,1
18198,1
18199,0
18200,1
18201,0
18202,1
18203,0
18204,0
18205,0
18206,1
18207,1
18208,1
18209,1
18210,1
18211,1
18213,1
18215,1
18218,0
18236,0
18239,0
18240,1
18242,1
18243,1
18244,1
18245,1
18246,0
18247,0
18248,0
18249,1
18251,1
18252,1
18253,1
18254,0
18255,1
18256,0
18265,1
18266,1
18267,0
18268,0
18269,0
18270,0
18271,1
18272,0
18273,0
18274,0
18275,0
18277,0
18278,0
18279,1
18280,1
18281,1
18293,1
18294,0
18295,0
18296,0
18297,0
18298,0
18299,1
18300,0
18301,1
18305,0
18307,1
18309,1
18320,0
18321,1
18323,1
18326,0
